math,0.0010050251256281408
js,0.01407035175879397
befor,0.008040201005025126
had,0.0010050251256281408
an,0.021105527638190954
arbitrari,0.022110552763819097
code,0.011055276381909548
execut,0.019095477386934675
in,0.0371859296482412
javascript,0.005025125628140704
engin,0.0020100502512562816
creat,0.0010050251256281408
a,0.03015075376884422
type,0.0010050251256281408
function,0.009045226130653266
with,0.004020100502512563
name,0.007035175879396985
could,0.003015075376884422
result,0.0010050251256281408
sequel,0.011055276381909548
is,0.016080402010050253
object,0.006030150753768844
relat,0.004020100502512563
map,0.005025125628140704
or,0.007035175879396985
middleman,0.004020100502512563
to,0.04020100502512563
convert,0.004020100502512563
thing,0.004020100502512563
from,0.007035175879396985
postgr,0.007035175879396985
mysql,0.006030150753768844
mariadb,0.004020100502512563
sqlite,0.008040201005025126
and,0.021105527638190954
microsoft,0.005025125628140704
sql,0.01407035175879397
server,0.005025125628140704
into,0.009045226130653266
usabl,0.004020100502512563
data,0.008040201005025126
for,0.018090452261306532
nodej,0.005025125628140704
version,0.008040201005025126
default,0.0010050251256281408
use,0.008040201005025126
backslash,0.0020100502512562816
escap,0.004020100502512563
even,0.0010050251256281408
though,0.0010050251256281408
util,0.0010050251256281408
/,0.004020100502512563
find,0.0010050251256281408
opencv,0.003015075376884422
node,0.01306532663316583
aka,0.0010050251256281408
bind,0.0010050251256281408
prior,0.0010050251256281408
vulner,0.011055276381909548
command,0.027135678391959798
inject,0.022110552763819097
it,0.0020100502512562816
doe,0.0020100502512562816
not,0.003015075376884422
valid,0.0010050251256281408
user,0.009045226130653266
input,0.008040201005025126
allow,0.018090452261306532
attack,0.011055276381909548
connect,0.0010050251256281408
pg,0.0010050251256281408
simpl,0.0010050251256281408
if,0.004020100502512563
tablenam,0.0010050251256281408
schemanam,0.0010050251256281408
untrust,0.004020100502512563
can,0.008040201005025126
format,0.0010050251256281408
paramet,0.003015075376884422
npm,0.005025125628140704
packag,0.007035175879396985
morgan,0.0010050251256281408
control,0.0020100502512562816
port,0.0020100502512562816
which,0.0020100502512562816
itself,0.0010050251256281408
veri,0.0010050251256281408
sensit,0.0010050251256281408
valu,0.0020100502512562816
they,0.0010050251256281408
os,0.0020100502512562816
due,0.006030150753768844
usag,0.0010050251256281408
of,0.005025125628140704
exec,0.003015075376884422
third,0.0020100502512562816
parti,0.0020100502512562816
modul,0.010050251256281407
kill,0.0010050251256281408
gitlabhook,0.0010050251256281408
be,0.008040201005025126
through,0.003015075376884422
repositori,0.0010050251256281408
macaddress,0.0010050251256281408
prone,0.0010050251256281408
flaw,0.0010050251256281408
unsanit,0.0010050251256281408
rather,0.0010050251256281408
than,0.0010050251256281408
execfil,0.0010050251256281408
call,0.0010050251256281408
ps,0.0010050251256281408
when,0.003015075376884422
pid,0.0010050251256281408
libnmapp,0.0010050251256281408
via,0.006030150753768844
argument,0.004020100502512563
rang,0.0010050251256281408
option,0.0010050251256281408
apex,0.0010050251256281408
publish,0.0010050251256281408
static,0.0010050251256281408
file,0.0020100502512562816
shell,0.006030150753768844
malici,0.007035175879396985
craft,0.003015075376884422
pdfinfoj,0.0010050251256281408
ha,0.003015075376884422
that,0.006030150753768844
on,0.0020100502512562816
victim,0.0010050251256281408
s,0.0020100502512562816
machin,0.0010050251256281408
queri,0.003015075376884422
are,0.0020100502512562816
lack,0.0010050251256281408
sanit,0.0020100502512562816
thi,0.005025125628140704
may,0.003015075376884422
run,0.0020100502512562816
fetch,0.0010050251256281408
databas,0.003015075376884422
privileg,0.0010050251256281408
escal,0.0010050251256281408
detect,0.0010050251256281408
flintcm,0.0010050251256281408
account,0.0010050251256281408
takeov,0.0010050251256281408
blind,0.0010050251256281408
mongodb,0.0010050251256281408
password,0.0010050251256281408
reset,0.0010050251256281408
cryo,0.0010050251256281408
arbitrarili,0.0010050251256281408
insecur,0.0010050251256281408
implement,0.0010050251256281408
deseri,0.0020100502512562816
git,0.0010050251256281408
dummi,0.0010050251256281408
commit,0.0010050251256281408
level,0.0010050251256281408
unescap,0.0010050251256281408
egg,0.0010050251256281408
script,0.0010050251256281408
line,0.0010050251256281408
summit,0.0020100502512562816
web,0.0010050251256281408
framework,0.0010050251256281408
pouchdb,0.003015075376884422
driver,0.0010050251256281408
later,0.0010050251256281408
collect,0.0010050251256281408
growl,0.003015075376884422
add,0.0010050251256281408
notif,0.0010050251256281408
support,0.0010050251256281408
properli,0.0020100502512562816
pass,0.005025125628140704
dn,0.003015075376884422
sync,0.003015075376884422
block,0.0010050251256281408
resolv,0.003015075376884422
method,0.0010050251256281408
then,0.0010050251256281408
possibl,0.0010050251256281408
issu,0.003015075376884422
wa,0.004020100502512563
discov,0.0020100502512562816
serial,0.0020100502512562816
unseri,0.0010050251256281408
exploit,0.0020100502512562816
achiev,0.0020100502512562816
by,0.0020100502512562816
immedi,0.0020100502512562816
invok,0.0020100502512562816
express,0.0020100502512562816
iif,0.0020100502512562816
quot,0.0020100502512562816
earlier,0.005025125628140704
cannot,0.0010050251256281408
correctli,0.0010050251256281408
oper,0.0010050251256281408
redirect,0.0010050251256281408
applic,0.0020100502512562816
depend,0.0020100502512562816
also,0.0010050251256281408
perform,0.0010050251256281408
vector,0.0010050251256281408
found,0.0010050251256281408
lesser,0.0010050251256281408
reduc,0.0010050251256281408
temporari,0.0010050251256281408
view,0.0010050251256281408
design,0.0010050251256281408
document,0.0010050251256281408
branch,0.0010050251256281408
sandbox,0.0010050251256281408
as,0.004020100502512563
well,0.0010050251256281408
system,0.0010050251256281408
goe,0.0020100502512562816
limit,0.0010050251256281408
order,0.0010050251256281408
put,0.0020100502512562816
their,0.0020100502512562816
own,0.0020100502512562816
statement,0.005025125628140704
affect,0.0010050251256281408
waterlin,0.005025125628140704
help,0.0010050251256281408
gener,0.0010050251256281408
app,0.0010050251256281408
ani,0.0010050251256281408
like,0.0010050251256281408
contain,0.0010050251256281408
startswith,0.0010050251256281408
endswith,0.0010050251256281408
will,0.0020100502512562816
end,0.0010050251256281408
up,0.0010050251256281408
potenti,0.003015075376884422
get,0.0010050251256281408
have,0.0010050251256281408
full,0.0010050251256281408
access,0.0010050251256281408
fix,0.0020100502512562816
push,0.0010050251256281408
out,0.0010050251256281408
there,0.0010050251256281408
where,0.006030150753768844
array,0.0010050251256281408
treat,0.0010050251256281408
string,0.0010050251256281408
improperli,0.0010050251256281408
caus,0.003015075376884422
test,0.0020100502512562816
delet,0.003015075376884422
testtabl,0.004020100502512563
id,0.004020100502512563
=,0.0020100502512562816
insid,0.0010050251256281408
select,0.0020100502512562816
{,0.0020100502512562816
replac,0.0010050251256281408
:,0.0020100502512562816
directcopyofuserinput,0.0010050251256281408
},0.0010050251256281408
becom,0.0010050251256281408
tabl,0.0020100502512562816
mssql,0.0010050251256281408
no,0.0010050251256281408
special,0.0010050251256281408
mean,0.0010050251256281408
whichev,0.0010050251256281408
printdirect,0.0010050251256281408
lib,0.0010050251256281408
printer,0.0020100502512562816
remot,0.0020100502512562816
unspecifi,0.0010050251256281408
charact,0.0010050251256281408
lpr,0.0010050251256281408
eval,0.0010050251256281408
index,0.0010050251256281408
syntax,0.0010050251256281408
error,0.0010050251256281408
ibm,0.0010050251256281408
ration,0.0010050251256281408
develop,0.0010050251256281408
other,0.0010050251256281408
product,0.0010050251256281408
context,0.0010050251256281408
metacharact,0.0010050251256281408
first,0.0010050251256281408
api,0.0010050251256281408
