cve,cwe,score,"('arbitrari', 'command')","('command', 'inject')","('inject', 'vulner')","('a', 'command')","('inject', 'in')","('execut', 'arbitrari')","('to', 'execut')","('sequel', 'is')","('sqlite', 'and')","('microsoft', 'sql')","('sql', 'server')","('arbitrari', 'code')"
CVE-2016-2216,CWE-20,0,0,0,0,0,0,0,0,0,0,0,0,0
CVE-2016-6303,CWE-787,0,0,0,0,0,0,0,0,0,0,0,0,0
CVE-2016-7099,CWE-19,0,0,0,0,0,0,0,0,0,0,0,0,0
CVE-2018-6591,CWE-200,0,0,0,0,0,0,0,0,0,0,0,0,0
CVE-2017-16081,CWE-200,0,0,0,0,0,0,0,0,0,0,0,0,0
CVE-2017-16044,CWE-200,0,0,0,0,0,0,0,0,0,0,0,0,0
CVE-2017-16053,CWE-200,0,0,0,0,0,0,0,0,0,0,0,0,0
CVE-2015-5688,CWE-22,0,0,0,0,0,0,0,0,0,0,0,0,0
CVE-2014-7193,CWE-284,0,0,0,0,0,0,0,0,0,0,0,0,0
CVE-2017-16013,CWE-20,0,0,0,0,0,0,0,0,0,0,0,0,0
CVE-2017-16025,CWE-287,0,0,0,0,0,0,0,0,0,0,0,0,0
CVE-2019-5438,CWE-22,0,0,0,0,0,0,0,0,0,0,0,0,0
CVE-2017-16075,CWE-200,0,0,0,0,0,0,0,0,0,0,0,0,0
CVE-2016-2537,CWE-20,0,0,0,0,0,0,0,0,0,0,0,0,0
CVE-2017-16045,CWE-200,0,0,0,0,0,0,0,0,0,0,0,0,0
CVE-2016-10638,CWE-310,0,0,0,0,0,0,0,0,0,0,0,0,0
CVE-2016-10521,CWE-20,0,0,0,0,0,0,0,0,0,0,0,0,0
CVE-2016-10643,CWE-310,0,0,0,0,0,0,0,0,0,0,0,0,0
CVE-2017-10910,CWE-399,0,0,0,0,0,0,0,0,0,0,0,0,0
CVE-2017-16056,CWE-200,0,0,0,0,0,0,0,0,0,0,0,0,0
CVE-2017-16047,CWE-200,0,0,0,0,0,0,0,0,0,0,0,0,0
CVE-2017-16071,CWE-200,0,0,0,0,0,0,0,0,0,0,0,0,0
CVE-2017-16072,CWE-200,0,0,0,0,0,0,0,0,0,0,0,0,0
CVE-2017-16066,CWE-200,0,0,0,0,0,0,0,0,0,0,0,0,0
CVE-2017-16065,CWE-200,0,0,0,0,0,0,0,0,0,0,0,0,0
CVE-2018-3747,CWE-79,1,0,0,0,0,0,0,1,0,0,0,0,0
CVE-2019-5483,CWE-209,0,0,0,0,0,0,0,0,0,0,0,0,0
CVE-2016-10678,CWE-310,0,0,0,0,0,0,0,0,0,0,0,0,0
CVE-2019-5444,CWE-22,0,0,0,0,0,0,0,0,0,0,0,0,0
CVE-2017-16050,CWE-200,0,0,0,0,0,0,0,0,0,0,0,0,0
CVE-2017-16021,CWE-400,0,0,0,0,0,0,0,0,0,0,0,0,0
CVE-2018-19289,CWE-74,0,0,0,0,0,0,0,0,0,0,0,0,0
CVE-2019-0542,CWE-20,0,0,0,0,0,0,0,0,0,0,0,0,0
CVE-2019-1010266,CWE-400,0,0,0,0,0,0,0,0,0,0,0,0,0
CVE-2019-10742,CWE-20,0,0,0,0,0,0,0,0,0,0,0,0,0
CVE-2019-10744,CWE-20,0,0,0,0,0,0,0,0,0,0,0,0,0
CVE-2019-10745,CWE-20,0,0,0,0,0,0,0,0,0,0,0,0,0
CVE-2019-10746,CWE-88,0,0,0,0,0,0,0,0,0,0,0,0,0
CVE-2019-10747,CWE-400,0,0,0,0,0,0,0,0,0,0,0,0,0
CVE-2019-11069,CWE-20,0,0,0,0,0,0,0,0,0,0,0,0,0
CVE-2019-13173,CWE-20,0,0,0,0,0,0,0,0,0,0,0,0,0
CVE-2019-15482,CWE-79,0,0,0,0,0,0,0,0,0,0,0,0,0
CVE-2019-15657,CWE-20,2,0,0,0,0,0,1,0,0,0,0,0,1
CVE-2019-5415,CWE-200,0,0,0,0,0,0,0,0,0,0,0,0,0
CVE-2019-5416,CWE-22,0,0,0,0,0,0,0,0,0,0,0,0,0
CVE-2019-5422,CWE-79,0,0,0,0,0,0,0,0,0,0,0,0,0
CVE-2019-5423,CWE-22,0,0,0,0,0,0,0,0,0,0,0,0,0
CVE-2019-5432,CWE-20,0,0,0,0,0,0,0,0,0,0,0,0,0
CVE-2019-5437,CWE-200,0,0,0,0,0,0,0,0,0,0,0,0,0
CVE-2019-5447,CWE-22,0,0,0,0,0,0,0,0,0,0,0,0,0
CVE-2019-5457,CWE-79,2,0,0,0,0,0,1,1,0,0,0,0,0
CVE-2019-5458,CWE-79,2,0,0,0,0,0,1,1,0,0,0,0,0
CVE-2019-5479,CWE-74,0,0,0,0,0,0,0,0,0,0,0,0,0
CVE-2019-5480,CWE-22,0,0,0,0,0,0,0,0,0,0,0,0,0
CVE-2019-5484,CWE-22,0,0,0,0,0,0,0,0,0,0,0,0,0
CVE-2019-5737,CWE-400,0,0,0,0,0,0,0,0,0,0,0,0,0
CVE-2019-8903,CWE-22,0,0,0,0,0,0,0,0,0,0,0,0,0
CVE-2019-9844,CWE-79,0,0,0,0,0,0,0,0,0,0,0,0,0
CVE-2017-11499,CWE-20,0,0,0,0,0,0,0,0,0,0,0,0,0
CVE-2017-14849,CWE-284,0,0,0,0,0,0,0,0,0,0,0,0,0
CVE-2017-14919,CWE-20,0,0,0,0,0,0,0,0,0,0,0,0,0
CVE-2017-15896,CWE-388,0,0,0,0,0,0,0,0,0,0,0,0,0
CVE-2017-15897,CWE-200,0,0,0,0,0,0,0,0,0,0,0,0,0
CVE-2018-12123,CWE-20,0,0,0,0,0,0,0,0,0,0,0,0,0
CVE-2018-7158,CWE-20,0,0,0,0,0,0,0,0,0,0,0,0,0
CVE-2018-7159,CWE-20,0,0,0,0,0,0,0,0,0,0,0,0,0
CVE-2018-7160,CWE-254,0,0,0,0,0,0,0,0,0,0,0,0,0
CVE-2018-7161,CWE-20,0,0,0,0,0,0,0,0,0,0,0,0,0
CVE-2018-7162,CWE-20,0,0,0,0,0,0,0,0,0,0,0,0,0
CVE-2018-7164,CWE-400,0,0,0,0,0,0,0,0,0,0,0,0,0
CVE-2018-7166,CWE-119,0,0,0,0,0,0,0,0,0,0,0,0,0
CVE-2018-7167,CWE-119,0,0,0,0,0,0,0,0,0,0,0,0,0
CVE-2019-10750,CWE-400,0,0,0,0,0,0,0,0,0,0,0,0,0
CVE-2019-15138,CWE-200,0,0,0,0,0,0,0,0,0,0,0,0,0
CVE-2018-1000086,CWE-352,0,0,0,0,0,0,0,0,0,0,0,0,0
CVE-2018-1002203,CWE-22,0,0,0,0,0,0,0,0,0,0,0,0,0
CVE-2018-11615,CWE-185,0,0,0,0,0,0,0,0,0,0,0,0,0
CVE-2018-11798,CWE-538,0,0,0,0,0,0,0,0,0,0,0,0,0
CVE-2018-12116,CWE-444,0,0,0,0,0,0,0,0,0,0,0,0,0
CVE-2018-12121,CWE-400,0,0,0,0,0,0,0,0,0,0,0,0,0
CVE-2018-12122,CWE-400,0,0,0,0,0,0,0,0,0,0,0,0,0
CVE-2018-16459,CWE-79,0,0,0,0,0,0,0,0,0,0,0,0,0
CVE-2018-16469,CWE-20,0,0,0,0,0,0,0,0,0,0,0,0,0
CVE-2018-16472,CWE-20,0,0,0,0,0,0,0,0,0,0,0,0,0
CVE-2018-16473,CWE-22,0,0,0,0,0,0,0,0,0,0,0,0,0
CVE-2018-16474,CWE-79,2,0,0,0,0,0,1,1,0,0,0,0,0
CVE-2018-16475,CWE-22,0,0,0,0,0,0,0,0,0,0,0,0,0
CVE-2018-16478,CWE-22,0,0,0,0,0,0,0,0,0,0,0,0,0
CVE-2018-16479,CWE-22,0,0,0,0,0,0,0,0,0,0,0,0,0
CVE-2018-16480,CWE-79,0,0,0,0,0,0,0,0,0,0,0,0,0
CVE-2018-16481,CWE-79,0,0,0,0,0,0,0,0,0,0,0,0,0
CVE-2018-16482,CWE-22,0,0,0,0,0,0,0,0,0,0,0,0,0
CVE-2018-16483,CWE-269,0,0,0,0,0,0,0,0,0,0,0,0,0
CVE-2018-16484,CWE-79,0,0,0,0,0,0,0,0,0,0,0,0,0
CVE-2018-16485,CWE-22,0,0,0,0,0,0,0,0,0,0,0,0,0
CVE-2018-16486,CWE-74,0,0,0,0,0,0,0,0,0,0,0,0,0
CVE-2018-16487,CWE-254,0,0,0,0,0,0,0,0,0,0,0,0,0
CVE-2018-16489,CWE-74,0,0,0,0,0,0,0,0,0,0,0,0,0
CVE-2018-16490,CWE-74,0,0,0,0,0,0,0,0,0,0,0,0,0
CVE-2018-16491,CWE-74,0,0,0,0,0,0,0,0,0,0,0,0,0
CVE-2018-16492,CWE-74,0,0,0,0,0,0,0,0,0,0,0,0,0
CVE-2018-16493,CWE-22,0,0,0,0,0,0,0,0,0,0,0,0,0
CVE-2018-18282,CWE-79,0,0,0,0,0,0,0,0,0,0,0,0,0
CVE-2018-3711,CWE-770,0,0,0,0,0,0,0,0,0,0,0,0,0
CVE-2018-3712,CWE-22,0,0,0,0,0,0,0,0,0,0,0,0,0
CVE-2018-3713,CWE-22,0,0,0,0,0,0,0,0,0,0,0,0,0
CVE-2018-3714,CWE-22,0,0,0,0,0,0,0,0,0,0,0,0,0
CVE-2018-3715,CWE-22,0,0,0,0,0,0,0,0,0,0,0,0,0
CVE-2018-3716,CWE-79,0,0,0,0,0,0,0,0,0,0,0,0,0
CVE-2018-3717,CWE-79,0,0,0,0,0,0,0,0,0,0,0,0,0
CVE-2018-3718,NVD-CWE-noinfo,0,0,0,0,0,0,0,0,0,0,0,0,0
CVE-2018-3719,CWE-20,0,0,0,0,0,0,0,0,0,0,0,0,0
CVE-2018-3720,NVD-CWE-noinfo,0,0,0,0,0,0,0,0,0,0,0,0,0
CVE-2018-3721,NVD-CWE-noinfo,0,0,0,0,0,0,0,0,0,0,0,0,0
CVE-2018-3722,NVD-CWE-noinfo,0,0,0,0,0,0,0,0,0,0,0,0,0
CVE-2018-3723,CWE-20,0,0,0,0,0,0,0,0,0,0,0,0,0
CVE-2018-3724,CWE-22,0,0,0,0,0,0,0,0,0,0,0,0,0
CVE-2018-3725,CWE-22,0,0,0,0,0,0,0,0,0,0,0,0,0
CVE-2018-3726,CWE-79,0,0,0,0,0,0,0,0,0,0,0,0,0
CVE-2018-3727,CWE-22,0,0,0,0,0,0,0,0,0,0,0,0,0
CVE-2018-3728,CWE-471,0,0,0,0,0,0,0,0,0,0,0,0,0
CVE-2018-3729,CWE-22,0,0,0,0,0,0,0,0,0,0,0,0,0
CVE-2018-3730,CWE-22,0,0,0,0,0,0,0,0,0,0,0,0,0
CVE-2018-3731,CWE-22,0,0,0,0,0,0,0,0,0,0,0,0,0
CVE-2018-3732,CWE-22,0,0,0,0,0,0,0,0,0,0,0,0,0
CVE-2018-3733,CWE-22,0,0,0,0,0,0,0,0,0,0,0,0,0
CVE-2018-3734,CWE-22,0,0,0,0,0,0,0,0,0,0,0,0,0
CVE-2018-3735,CWE-79,0,0,0,0,0,0,0,0,0,0,0,0,0
CVE-2018-3737,CWE-185,0,0,0,0,0,0,0,0,0,0,0,0,0
CVE-2018-3738,CWE-185,0,0,0,0,0,0,0,0,0,0,0,0,0
CVE-2018-3739,CWE-125,0,0,0,0,0,0,0,0,0,0,0,0,0
CVE-2018-3744,CWE-22,0,0,0,0,0,0,0,0,0,0,0,0,0
CVE-2018-3745,CWE-125,0,0,0,0,0,0,0,0,0,0,0,0,0
CVE-2018-3748,CWE-79,1,0,0,0,0,0,0,1,0,0,0,0,0
CVE-2018-3749,CWE-20,0,0,0,0,0,0,0,0,0,0,0,0,0
CVE-2018-3750,CWE-20,0,0,0,0,0,0,0,0,0,0,0,0,0
CVE-2018-3751,CWE-20,0,0,0,0,0,0,0,0,0,0,0,0,0
CVE-2018-3752,CWE-20,0,0,0,0,0,0,0,0,0,0,0,0,0
CVE-2018-3753,CWE-20,0,0,0,0,0,0,0,0,0,0,0,0,0
CVE-2018-3758,CWE-434,0,0,0,0,0,0,0,0,0,0,0,0,0
CVE-2018-3766,CWE-22,0,0,0,0,0,0,0,0,0,0,0,0,0
CVE-2018-3767,NVD-CWE-noinfo,0,0,0,0,0,0,0,0,0,0,0,0,0
CVE-2018-3770,CWE-22,0,0,0,0,0,0,0,0,0,0,0,0,0
CVE-2018-3771,CWE-79,0,0,0,0,0,0,0,0,0,0,0,0,0
CVE-2018-3772,CWE-20,3,1,0,0,0,0,1,1,0,0,0,0,0
CVE-2018-3773,CWE-79,0,0,0,0,0,0,0,0,0,0,0,0,0
CVE-2018-3787,CWE-22,0,0,0,0,0,0,0,0,0,0,0,0,0
CVE-2018-6184,CWE-22,0,0,0,0,0,0,0,0,0,0,0,0,0
CVE-2018-6873,CWE-287,0,0,0,0,0,0,0,0,0,0,0,0,0
CVE-2018-6874,CWE-352,0,0,0,0,0,0,0,0,0,0,0,0,0
CVE-2018-7307,CWE-352,0,0,0,0,0,0,0,0,0,0,0,0,0
CVE-2018-7651,CWE-400,0,0,0,0,0,0,0,0,0,0,0,0,0
CVE-2017-0928,CWE-642,0,0,0,0,0,0,0,0,0,0,0,0,0
CVE-2017-0930,CWE-22,0,0,0,0,0,0,0,0,0,0,0,0,0
CVE-2017-15010,CWE-400,0,0,0,0,0,0,0,0,0,0,0,0,0
CVE-2017-16003,CWE-311,0,0,0,0,0,0,0,0,0,0,0,0,0
CVE-2017-16005,CWE-347,0,0,0,0,0,0,0,0,0,0,0,0,0
CVE-2017-16006,CWE-79,0,0,0,0,0,0,0,0,0,0,0,0,0
CVE-2017-16007,NVD-CWE-noinfo,0,0,0,0,0,0,0,0,0,0,0,0,0
CVE-2017-16008,CWE-79,0,0,0,0,0,0,0,0,0,0,0,0,0
CVE-2017-16010,CWE-79,0,0,0,0,0,0,0,0,0,0,0,0,0
CVE-2017-16014,CWE-388,0,0,0,0,0,0,0,0,0,0,0,0,0
CVE-2017-16015,CWE-79,0,0,0,0,0,0,0,0,0,0,0,0,0
CVE-2017-16016,CWE-79,0,0,0,0,0,0,0,0,0,0,0,0,0
CVE-2017-16017,CWE-79,0,0,0,0,0,0,0,0,0,0,0,0,0
CVE-2017-16018,CWE-79,0,0,0,0,0,0,0,0,0,0,0,0,0
CVE-2017-16022,CWE-79,0,0,0,0,0,0,0,0,0,0,0,0,0
CVE-2017-16024,CWE-200,0,0,0,0,0,0,0,0,0,0,0,0,0
CVE-2017-16026,CWE-20,0,0,0,0,0,0,0,0,0,0,0,0,0
CVE-2017-16028,CWE-338,0,0,0,0,0,0,0,0,0,0,0,0,0
CVE-2017-16029,CWE-22,0,0,0,0,0,0,0,0,0,0,0,0,0
CVE-2017-16030,NVD-CWE-noinfo,0,0,0,0,0,0,0,0,0,0,0,0,0
CVE-2017-16031,CWE-330,0,0,0,0,0,0,0,0,0,0,0,0,0
CVE-2017-16035,CWE-319,0,0,0,0,0,0,0,0,0,0,0,0,0
CVE-2017-16036,CWE-22,0,0,0,0,0,0,0,0,0,0,0,0,0
CVE-2017-16037,CWE-22,0,0,0,0,0,0,0,0,0,0,0,0,0
CVE-2017-16039,CWE-22,0,0,0,0,0,0,0,0,0,0,0,0,0
CVE-2017-16040,CWE-319,0,0,0,0,0,0,0,0,0,0,0,0,0
CVE-2017-16041,CWE-319,0,0,0,0,0,0,0,0,0,0,0,0,0
CVE-2017-16043,CWE-74,0,0,0,0,0,0,0,0,0,0,0,0,0
CVE-2017-16046,CWE-200,0,0,0,0,0,0,0,0,0,0,0,0,0
CVE-2017-16048,CWE-200,0,0,0,0,0,0,0,0,0,0,0,0,0
CVE-2017-16049,CWE-200,0,0,0,0,0,0,0,0,0,0,0,0,0
CVE-2017-16051,CWE-200,0,0,0,0,0,0,0,0,0,0,0,0,0
CVE-2017-16052,CWE-200,0,0,0,0,0,0,0,0,0,0,0,0,0
CVE-2017-16054,CWE-200,0,0,0,0,0,0,0,0,0,0,0,0,0
CVE-2017-16055,CWE-200,0,0,0,0,0,0,0,0,0,0,0,0,0
CVE-2017-16057,CWE-200,0,0,0,0,0,0,0,0,0,0,0,0,0
CVE-2017-16058,CWE-200,0,0,0,0,0,0,0,0,0,0,0,0,0
CVE-2017-16059,CWE-200,0,0,0,0,0,0,0,0,0,0,0,0,0
CVE-2017-16060,CWE-200,0,0,0,0,0,0,0,0,0,0,0,0,0
CVE-2017-16062,CWE-200,0,0,0,0,0,0,0,0,0,0,0,0,0
CVE-2017-16063,CWE-200,0,0,0,0,0,0,0,0,0,0,0,0,0
CVE-2017-16064,CWE-200,0,0,0,0,0,0,0,0,0,0,0,0,0
CVE-2017-16067,CWE-200,0,0,0,0,0,0,0,0,0,0,0,0,0
CVE-2017-16068,CWE-200,0,0,0,0,0,0,0,0,0,0,0,0,0
CVE-2017-16069,CWE-200,0,0,0,0,0,0,0,0,0,0,0,0,0
CVE-2017-16070,CWE-200,0,0,0,0,0,0,0,0,0,0,0,0,0
CVE-2017-16073,CWE-200,0,0,0,0,0,0,0,0,0,0,0,0,0
CVE-2017-16076,CWE-200,0,0,0,0,0,0,0,0,0,0,0,0,0
CVE-2017-16077,CWE-200,0,0,0,0,0,0,0,0,0,0,0,0,0
CVE-2017-16078,CWE-200,0,0,0,0,0,0,0,0,0,0,0,0,0
CVE-2017-16079,CWE-200,0,0,0,0,0,0,0,0,0,0,0,0,0
CVE-2017-16083,CWE-22,0,0,0,0,0,0,0,0,0,0,0,0,0
CVE-2017-16084,CWE-22,0,0,0,0,0,0,0,0,0,0,0,0,0
CVE-2017-16085,CWE-22,0,0,0,0,0,0,0,0,0,0,0,0,0
CVE-2017-16086,CWE-400,0,0,0,0,0,0,0,0,0,0,0,0,0
CVE-2017-16088,NVD-CWE-noinfo,0,0,0,0,0,0,0,0,0,0,0,0,0
CVE-2017-16089,CWE-22,0,0,0,0,0,0,0,0,0,0,0,0,0
CVE-2017-16090,CWE-22,0,0,0,0,0,0,0,0,0,0,0,0,0
CVE-2017-16091,CWE-22,0,0,0,0,0,0,0,0,0,0,0,0,0
CVE-2017-16092,CWE-22,0,0,0,0,0,0,0,0,0,0,0,0,0
CVE-2017-16093,CWE-22,0,0,0,0,0,0,0,0,0,0,0,0,0
CVE-2017-16094,CWE-22,0,0,0,0,0,0,0,0,0,0,0,0,0
CVE-2017-16095,CWE-22,0,0,0,0,0,0,0,0,0,0,0,0,0
CVE-2017-16096,CWE-22,0,0,0,0,0,0,0,0,0,0,0,0,0
CVE-2017-16097,CWE-22,0,0,0,0,0,0,0,0,0,0,0,0,0
CVE-2017-16098,CWE-400,0,0,0,0,0,0,0,0,0,0,0,0,0
CVE-2017-16099,CWE-400,0,0,0,0,0,0,0,0,0,0,0,0,0
CVE-2017-16101,CWE-22,0,0,0,0,0,0,0,0,0,0,0,0,0
CVE-2017-16102,CWE-22,0,0,0,0,0,0,0,0,0,0,0,0,0
CVE-2017-16103,CWE-22,0,0,0,0,0,0,0,0,0,0,0,0,0
CVE-2017-16104,CWE-22,0,0,0,0,0,0,0,0,0,0,0,0,0
CVE-2017-16105,CWE-22,0,0,0,0,0,0,0,0,0,0,0,0,0
CVE-2017-16106,CWE-22,0,0,0,0,0,0,0,0,0,0,0,0,0
CVE-2017-16107,CWE-22,0,0,0,0,0,0,0,0,0,0,0,0,0
CVE-2017-16108,CWE-22,0,0,0,0,0,0,0,0,0,0,0,0,0
CVE-2017-16109,CWE-22,0,0,0,0,0,0,0,0,0,0,0,0,0
CVE-2017-16110,CWE-22,0,0,0,0,0,0,0,0,0,0,0,0,0
CVE-2017-16111,CWE-400,0,0,0,0,0,0,0,0,0,0,0,0,0
CVE-2017-16113,CWE-20,0,0,0,0,0,0,0,0,0,0,0,0,0
CVE-2017-16116,CWE-400,0,0,0,0,0,0,0,0,0,0,0,0,0
CVE-2017-16117,CWE-400,0,0,0,0,0,0,0,0,0,0,0,0,0
CVE-2017-16118,CWE-400,0,0,0,0,0,0,0,0,0,0,0,0,0
CVE-2017-16119,CWE-400,0,0,0,0,0,0,0,0,0,0,0,0,0
CVE-2017-16120,CWE-22,0,0,0,0,0,0,0,0,0,0,0,0,0
CVE-2017-16121,CWE-22,0,0,0,0,0,0,0,0,0,0,0,0,0
CVE-2017-16122,CWE-22,0,0,0,0,0,0,0,0,0,0,0,0,0
CVE-2017-16123,CWE-22,0,0,0,0,0,0,0,0,0,0,0,0,0
CVE-2017-16124,CWE-22,0,0,0,0,0,0,0,0,0,0,0,0,0
CVE-2017-16125,CWE-22,0,0,0,0,0,0,0,0,0,0,0,0,0
CVE-2017-16126,CWE-200,0,0,0,0,0,0,0,0,0,0,0,0,0
CVE-2017-16127,CWE-276,0,0,0,0,0,0,0,0,0,0,0,0,0
CVE-2017-16128,CWE-276,1,0,0,0,1,0,0,0,0,0,0,0,0
CVE-2017-16129,CWE-400,0,0,0,0,0,0,0,0,0,0,0,0,0
CVE-2017-16130,CWE-22,0,0,0,0,0,0,0,0,0,0,0,0,0
CVE-2017-16131,CWE-22,0,0,0,0,0,0,0,0,0,0,0,0,0
CVE-2017-16132,CWE-22,0,0,0,0,0,0,0,0,0,0,0,0,0
CVE-2017-16133,CWE-22,0,0,0,0,0,0,0,0,0,0,0,0,0
CVE-2017-16134,CWE-22,0,0,0,0,0,0,0,0,0,0,0,0,0
CVE-2017-16135,CWE-22,0,0,0,0,0,0,0,0,0,0,0,0,0
CVE-2017-16136,CWE-400,0,0,0,0,0,0,0,0,0,0,0,0,0
CVE-2017-16137,CWE-400,0,0,0,0,0,0,0,0,0,0,0,0,0
CVE-2017-16138,CWE-400,0,0,0,0,0,0,0,0,0,0,0,0,0
CVE-2017-16139,CWE-22,0,0,0,0,0,0,0,0,0,0,0,0,0
CVE-2017-16140,CWE-22,0,0,0,0,0,0,0,0,0,0,0,0,0
CVE-2017-16141,CWE-22,0,0,0,0,0,0,0,0,0,0,0,0,0
CVE-2017-16142,CWE-22,0,0,0,0,0,0,0,0,0,0,0,0,0
CVE-2017-16143,CWE-22,0,0,0,0,0,0,0,0,0,0,0,0,0
CVE-2017-16144,CWE-22,0,0,0,0,0,0,0,0,0,0,0,0,0
CVE-2017-16145,CWE-22,0,0,0,0,0,0,0,0,0,0,0,0,0
CVE-2017-16146,CWE-22,0,0,0,0,0,0,0,0,0,0,0,0,0
CVE-2017-16147,CWE-22,0,0,0,0,0,0,0,0,0,0,0,0,0
CVE-2017-16148,CWE-22,0,0,0,0,0,0,0,0,0,0,0,0,0
CVE-2017-16149,CWE-22,0,0,0,0,0,0,0,0,0,0,0,0,0
CVE-2017-16152,CWE-22,0,0,0,0,0,0,0,0,0,0,0,0,0
CVE-2017-16154,CWE-22,0,0,0,0,0,0,0,0,0,0,0,0,0
CVE-2017-16155,CWE-22,0,0,0,0,0,0,0,0,0,0,0,0,0
CVE-2017-16156,CWE-22,0,0,0,0,0,0,0,0,0,0,0,0,0
CVE-2017-16157,CWE-22,0,0,0,0,0,0,0,0,0,0,0,0,0
CVE-2017-16158,CWE-22,0,0,0,0,0,0,0,0,0,0,0,0,0
CVE-2017-16159,CWE-22,0,0,0,0,0,0,0,0,0,0,0,0,0
CVE-2017-16160,CWE-22,0,0,0,0,0,0,0,0,0,0,0,0,0
CVE-2017-16161,CWE-22,0,0,0,0,0,0,0,0,0,0,0,0,0
CVE-2017-16162,CWE-22,0,0,0,0,0,0,0,0,0,0,0,0,0
CVE-2017-16163,CWE-22,0,0,0,0,0,0,0,0,0,0,0,0,0
CVE-2017-16164,CWE-22,0,0,0,0,0,0,0,0,0,0,0,0,0
CVE-2017-16165,CWE-22,0,0,0,0,0,0,0,0,0,0,0,0,0
CVE-2017-16166,CWE-22,0,0,0,0,0,0,0,0,0,0,0,0,0
CVE-2017-16167,CWE-22,0,0,0,0,0,0,0,0,0,0,0,0,0
CVE-2017-16168,CWE-22,0,0,0,0,0,0,0,0,0,0,0,0,0
CVE-2017-16169,CWE-22,0,0,0,0,0,0,0,0,0,0,0,0,0
CVE-2017-16170,CWE-22,0,0,0,0,0,0,0,0,0,0,0,0,0
CVE-2017-16171,CWE-22,0,0,0,0,0,0,0,0,0,0,0,0,0
CVE-2017-16172,CWE-22,0,0,0,0,0,0,0,0,0,0,0,0,0
CVE-2017-16173,CWE-22,0,0,0,0,0,0,0,0,0,0,0,0,0
CVE-2017-16174,CWE-22,0,0,0,0,0,0,0,0,0,0,0,0,0
CVE-2017-16175,CWE-22,0,0,0,0,0,0,0,0,0,0,0,0,0
CVE-2017-16176,CWE-22,0,0,0,0,0,0,0,0,0,0,0,0,0
CVE-2017-16177,CWE-22,0,0,0,0,0,0,0,0,0,0,0,0,0
CVE-2017-16178,CWE-22,0,0,0,0,0,0,0,0,0,0,0,0,0
CVE-2017-16179,CWE-22,0,0,0,0,0,0,0,0,0,0,0,0,0
CVE-2017-16180,CWE-22,0,0,0,0,0,0,0,0,0,0,0,0,0
CVE-2017-16181,CWE-22,0,0,0,0,0,0,0,0,0,0,0,0,0
CVE-2017-16182,CWE-22,0,0,0,0,0,0,0,0,0,0,0,0,0
CVE-2017-16183,CWE-22,0,0,0,0,0,0,0,0,0,0,0,0,0
CVE-2017-16184,CWE-22,0,0,0,0,0,0,0,0,0,0,0,0,0
CVE-2017-16185,CWE-22,0,0,0,0,0,0,0,0,0,0,0,0,0
CVE-2017-16186,CWE-22,0,0,0,0,0,0,0,0,0,0,0,0,0
CVE-2017-16187,CWE-22,0,0,0,0,0,0,0,0,0,0,0,0,0
CVE-2017-16188,CWE-22,0,0,0,0,0,0,0,0,0,0,0,0,0
CVE-2017-16189,CWE-22,0,0,0,0,0,0,0,0,0,0,0,0,0
CVE-2017-16190,CWE-22,0,0,0,0,0,0,0,0,0,0,0,0,0
CVE-2017-16191,CWE-22,0,0,0,0,0,0,0,0,0,0,0,0,0
CVE-2017-16192,CWE-22,0,0,0,0,0,0,0,0,0,0,0,0,0
CVE-2017-16193,CWE-22,0,0,0,0,0,0,0,0,0,0,0,0,0
CVE-2017-16194,CWE-22,0,0,0,0,0,0,0,0,0,0,0,0,0
CVE-2017-16195,CWE-22,0,0,0,0,0,0,0,0,0,0,0,0,0
CVE-2017-16196,CWE-22,0,0,0,0,0,0,0,0,0,0,0,0,0
CVE-2017-16197,CWE-22,0,0,0,0,0,0,0,0,0,0,0,0,0
CVE-2017-16198,CWE-22,0,0,0,0,0,0,0,0,0,0,0,0,0
CVE-2017-16199,CWE-22,0,0,0,0,0,0,0,0,0,0,0,0,0
CVE-2017-16200,CWE-22,0,0,0,0,0,0,0,0,0,0,0,0,0
CVE-2017-16201,CWE-22,0,0,0,0,0,0,0,0,0,0,0,0,0
CVE-2017-16202,CWE-200,0,0,0,0,0,0,0,0,0,0,0,0,0
CVE-2017-16203,CWE-200,0,0,0,0,0,0,0,0,0,0,0,0,0
CVE-2017-16204,CWE-200,0,0,0,0,0,0,0,0,0,0,0,0,0
CVE-2017-16205,CWE-200,0,0,0,0,0,0,0,0,0,0,0,0,0
CVE-2017-16206,CWE-200,0,0,0,0,0,0,0,0,0,0,0,0,0
CVE-2017-16207,NVD-CWE-noinfo,0,0,0,0,0,0,0,0,0,0,0,0,0
CVE-2017-16208,CWE-22,0,0,0,0,0,0,0,0,0,0,0,0,0
CVE-2017-16209,CWE-22,0,0,0,0,0,0,0,0,0,0,0,0,0
CVE-2017-16210,CWE-22,0,0,0,0,0,0,0,0,0,0,0,0,0
CVE-2017-16211,CWE-22,0,0,0,0,0,0,0,0,0,0,0,0,0
CVE-2017-16212,CWE-22,0,0,0,0,0,0,0,0,0,0,0,0,0
CVE-2017-16213,CWE-22,0,0,0,0,0,0,0,0,0,0,0,0,0
CVE-2017-16214,CWE-22,0,0,0,0,0,0,0,0,0,0,0,0,0
CVE-2017-16215,CWE-22,0,0,0,0,0,0,0,0,0,0,0,0,0
CVE-2017-16216,CWE-22,0,0,0,0,0,0,0,0,0,0,0,0,0
CVE-2017-16217,CWE-22,0,0,0,0,0,0,0,0,0,0,0,0,0
CVE-2017-16218,CWE-22,0,0,0,0,0,0,0,0,0,0,0,0,0
CVE-2017-16219,CWE-22,0,0,0,0,0,0,0,0,0,0,0,0,0
CVE-2017-16220,CWE-22,0,0,0,0,0,0,0,0,0,0,0,0,0
CVE-2017-16221,CWE-22,0,0,0,0,0,0,0,0,0,0,0,0,0
CVE-2017-16222,CWE-22,0,0,0,0,0,0,0,0,0,0,0,0,0
CVE-2017-16223,CWE-22,0,0,0,0,0,0,0,0,0,0,0,0,0
CVE-2017-16224,CWE-601,0,0,0,0,0,0,0,0,0,0,0,0,0
CVE-2017-16225,CWE-200,0,0,0,0,0,0,0,0,0,0,0,0,0
CVE-2017-16226,CWE-20,1,0,0,0,0,0,0,0,0,0,0,0,1
CVE-2017-18214,CWE-400,0,0,0,0,0,0,0,0,0,0,0,0,0
CVE-2017-5858,CWE-20,0,0,0,0,0,0,0,0,0,0,0,0,0
CVE-2016-1000232,CWE-20,0,0,0,0,0,0,0,0,0,0,0,0,0
CVE-2016-10518,CWE-119,0,0,0,0,0,0,0,0,0,0,0,0,0
CVE-2016-10519,CWE-200,0,0,0,0,0,0,0,0,0,0,0,0,0
CVE-2016-10520,CWE-20,0,0,0,0,0,0,0,0,0,0,0,0,0
CVE-2016-10523,CWE-119,0,0,0,0,0,0,0,0,0,0,0,0,0
CVE-2016-10524,CWE-74,0,0,0,0,0,0,0,0,0,0,0,0,0
CVE-2016-10526,CWE-255,0,0,0,0,0,0,0,0,0,0,0,0,0
CVE-2016-10527,CWE-399,0,0,0,0,0,0,0,0,0,0,0,0,0
CVE-2016-10528,CWE-22,0,0,0,0,0,0,0,0,0,0,0,0,0
CVE-2016-10530,CWE-200,0,0,0,0,0,0,0,0,0,0,0,0,0
CVE-2016-10531,CWE-79,0,0,0,0,0,0,0,0,0,0,0,0,0
CVE-2016-10532,CWE-287,0,0,0,0,0,0,0,0,0,0,0,0,0
CVE-2016-10533,CWE-200,0,0,0,0,0,0,0,0,0,0,0,0,0
CVE-2016-10534,CWE-295,1,0,0,0,1,0,0,0,0,0,0,0,0
CVE-2016-10535,CWE-310,0,0,0,0,0,0,0,0,0,0,0,0,0
CVE-2016-10536,CWE-295,0,0,0,0,0,0,0,0,0,0,0,0,0
CVE-2016-10537,CWE-79,0,0,0,0,0,0,0,0,0,0,0,0,0
CVE-2016-10538,CWE-362,0,0,0,0,0,0,0,0,0,0,0,0,0
CVE-2016-10539,CWE-20,0,0,0,0,0,0,0,0,0,0,0,0,0
CVE-2016-10540,CWE-20,0,0,0,0,0,0,0,0,0,0,0,0,0
CVE-2016-10542,CWE-20,0,0,0,0,0,0,0,0,0,0,0,0,0
CVE-2016-10543,CWE-20,0,0,0,0,0,0,0,0,0,0,0,0,0
CVE-2016-10544,CWE-20,0,0,0,0,0,0,0,0,0,0,0,0,0
CVE-2016-10548,CWE-79,2,0,0,0,0,0,0,0,0,0,0,0,2
CVE-2016-10549,CWE-79,0,0,0,0,0,0,0,0,0,0,0,0,0
CVE-2016-10552,CWE-254,0,0,0,0,0,0,0,0,0,0,0,0,0
CVE-2016-10555,CWE-310,0,0,0,0,0,0,0,0,0,0,0,0,0
CVE-2016-10557,CWE-310,0,0,0,0,0,0,0,0,0,0,0,0,0
CVE-2016-10558,CWE-310,0,0,0,0,0,0,0,0,0,0,0,0,0
CVE-2016-10560,CWE-310,0,0,0,0,0,0,0,0,0,0,0,0,0
CVE-2016-10561,CWE-22,0,0,0,0,0,0,0,0,0,0,0,0,0
CVE-2016-10562,CWE-310,0,0,0,0,0,0,0,0,0,0,0,0,0
CVE-2016-10563,CWE-310,0,0,0,0,0,0,0,0,0,0,0,0,0
CVE-2016-10564,CWE-310,0,0,0,0,0,0,0,0,0,0,0,0,0
CVE-2016-10565,CWE-310,0,0,0,0,0,0,0,0,0,0,0,0,0
CVE-2016-10566,CWE-310,0,0,0,0,0,0,0,0,0,0,0,0,0
CVE-2016-10567,CWE-310,0,0,0,0,0,0,0,0,0,0,0,0,0
CVE-2016-10568,CWE-310,0,0,0,0,0,0,0,0,0,0,0,0,0
CVE-2016-10569,CWE-310,0,0,0,0,0,0,0,0,0,0,0,0,0
CVE-2016-10570,CWE-310,0,0,0,0,0,0,0,0,0,0,0,0,0
CVE-2016-10571,CWE-310,0,0,0,0,0,0,0,0,0,0,0,0,0
CVE-2016-10572,CWE-310,0,0,0,0,0,0,0,0,0,0,0,0,0
CVE-2016-10573,CWE-310,0,0,0,0,0,0,0,0,0,0,0,0,0
CVE-2016-10574,CWE-310,0,0,0,0,0,0,0,0,0,0,0,0,0
CVE-2016-10575,CWE-310,0,0,0,0,0,0,0,0,0,0,0,0,0
CVE-2016-10576,CWE-310,0,0,0,0,0,0,0,0,0,0,0,0,0
CVE-2016-10577,CWE-310,0,0,0,0,0,0,0,0,0,0,0,0,0
CVE-2016-10578,CWE-310,0,0,0,0,0,0,0,0,0,0,0,0,0
CVE-2016-10579,CWE-310,0,0,0,0,0,0,0,0,0,0,0,0,0
CVE-2016-10580,CWE-310,0,0,0,0,0,0,0,0,0,0,0,0,0
CVE-2016-10581,CWE-310,0,0,0,0,0,0,0,0,0,0,0,0,0
CVE-2016-10582,CWE-310,0,0,0,0,0,0,0,0,0,0,0,0,0
CVE-2016-10583,CWE-310,0,0,0,0,0,0,0,0,0,0,0,0,0
CVE-2016-10584,CWE-310,0,0,0,0,0,0,0,0,0,0,0,0,0
CVE-2016-10585,CWE-310,0,0,0,0,0,0,0,0,0,0,0,0,0
CVE-2016-10586,CWE-310,0,0,0,0,0,0,0,0,0,0,0,0,0
CVE-2016-10587,CWE-310,0,0,0,0,0,0,0,0,0,0,0,0,0
CVE-2016-10589,CWE-310,0,0,0,0,0,0,0,0,0,0,0,0,0
CVE-2016-10590,CWE-310,0,0,0,0,0,0,0,0,0,0,0,0,0
CVE-2016-10591,CWE-310,0,0,0,0,0,0,0,0,0,0,0,0,0
CVE-2016-10592,CWE-310,0,0,0,0,0,0,0,0,0,0,0,0,0
CVE-2016-10593,CWE-310,0,0,0,0,0,0,0,0,0,0,0,0,0
CVE-2016-10594,CWE-310,0,0,0,0,0,0,0,0,0,0,0,0,0
CVE-2016-10595,CWE-310,0,0,0,0,0,0,0,0,0,0,0,0,0
CVE-2016-10596,CWE-310,0,0,0,0,0,0,0,0,0,0,0,0,0
CVE-2016-10597,CWE-310,0,0,0,0,0,0,0,0,0,0,0,0,0
CVE-2016-10598,CWE-310,0,0,0,0,0,0,0,0,0,0,0,0,0
CVE-2016-10599,CWE-310,0,0,0,0,0,0,0,0,0,0,0,0,0
CVE-2016-10600,CWE-310,0,0,0,0,0,0,0,0,0,0,0,0,0
CVE-2016-10601,CWE-310,0,0,0,0,0,0,0,0,0,0,0,0,0
CVE-2016-10602,CWE-310,0,0,0,0,0,0,0,0,0,0,0,0,0
CVE-2016-10603,CWE-310,0,0,0,0,0,0,0,0,0,0,0,0,0
CVE-2016-10604,CWE-310,0,0,0,0,0,0,0,0,0,0,0,0,0
CVE-2016-10605,CWE-310,0,0,0,0,0,0,0,0,0,0,0,0,0
CVE-2016-10606,CWE-310,0,0,0,0,0,0,0,0,0,0,0,0,0
CVE-2016-10607,CWE-310,0,0,0,0,0,0,0,0,0,0,0,0,0
CVE-2016-10608,CWE-310,0,0,0,0,0,0,0,0,0,0,0,0,0
CVE-2016-10609,CWE-310,0,0,0,0,0,0,0,0,0,0,0,0,0
CVE-2016-10610,CWE-310,0,0,0,0,0,0,0,0,0,0,0,0,0
CVE-2016-10611,CWE-310,0,0,0,0,0,0,0,0,0,0,0,0,0
CVE-2016-10612,CWE-310,0,0,0,0,0,0,0,0,0,0,0,0,0
CVE-2016-10613,CWE-310,0,0,0,0,0,0,0,0,0,0,0,0,0
CVE-2016-10614,CWE-310,0,0,0,0,0,0,0,0,0,0,0,0,0
CVE-2016-10615,CWE-310,0,0,0,0,0,0,0,0,0,0,0,0,0
CVE-2016-10616,CWE-310,0,0,0,0,0,0,0,0,0,0,0,0,0
CVE-2016-10617,CWE-310,0,0,0,0,0,0,0,0,0,0,0,0,0
CVE-2016-10618,CWE-310,0,0,0,0,0,0,0,0,0,0,0,0,0
CVE-2016-10619,CWE-310,0,0,0,0,0,0,0,0,0,0,0,0,0
CVE-2016-10620,CWE-310,0,0,0,0,0,0,0,0,0,0,0,0,0
CVE-2016-10621,CWE-310,0,0,0,0,0,0,0,0,0,0,0,0,0
CVE-2016-10622,CWE-310,0,0,0,0,0,0,0,0,0,0,0,0,0
CVE-2016-10623,CWE-310,0,0,0,0,0,0,0,0,0,0,0,0,0
CVE-2016-10624,CWE-310,0,0,0,0,0,0,0,0,0,0,0,0,0
CVE-2016-10625,CWE-310,0,0,0,0,0,0,0,0,0,0,0,0,0
CVE-2016-10626,CWE-310,0,0,0,0,0,0,0,0,0,0,0,0,0
CVE-2016-10627,CWE-310,0,0,0,0,0,0,0,0,0,0,0,0,0
CVE-2016-10628,CWE-310,0,0,0,0,0,0,0,0,0,0,0,0,0
CVE-2016-10629,CWE-310,0,0,0,0,0,0,0,0,0,0,0,0,0
CVE-2016-10630,CWE-310,0,0,0,0,0,0,0,0,0,0,0,0,0
CVE-2016-10631,CWE-310,0,0,0,0,0,0,0,0,0,0,0,0,0
CVE-2016-10632,CWE-310,0,0,0,0,0,0,0,0,0,0,0,0,0
CVE-2016-10633,CWE-310,0,0,0,0,0,0,0,0,0,0,0,0,0
CVE-2016-10634,CWE-310,0,0,0,0,0,0,0,0,0,0,0,0,0
CVE-2016-10635,CWE-310,0,0,0,0,0,0,0,0,0,0,0,0,0
CVE-2016-10636,CWE-310,0,0,0,0,0,0,0,0,0,0,0,0,0
CVE-2016-10637,CWE-310,0,0,0,0,0,0,0,0,0,0,0,0,0
CVE-2016-10639,CWE-310,0,0,0,0,0,0,0,0,0,0,0,0,0
CVE-2016-10640,CWE-310,0,0,0,0,0,0,0,0,0,0,0,0,0
CVE-2016-10641,CWE-310,0,0,0,0,0,0,0,0,0,0,0,0,0
CVE-2016-10642,CWE-310,0,0,0,0,0,0,0,0,0,0,0,0,0
CVE-2016-10644,CWE-310,0,0,0,0,0,0,0,0,0,0,0,0,0
CVE-2016-10645,CWE-310,0,0,0,0,0,0,0,0,0,0,0,0,0
CVE-2016-10646,CWE-310,0,0,0,0,0,0,0,0,0,0,0,0,0
CVE-2016-10647,CWE-310,0,0,0,0,0,0,0,0,0,0,0,0,0
CVE-2016-10648,CWE-310,0,0,0,0,0,0,0,0,0,0,0,0,0
CVE-2016-10649,CWE-310,0,0,0,0,0,0,0,0,0,0,0,0,0
CVE-2016-10650,CWE-310,0,0,0,0,0,0,0,0,0,0,0,0,0
CVE-2016-10651,CWE-310,0,0,0,0,0,0,0,0,0,0,0,0,0
CVE-2016-10652,CWE-310,0,0,0,0,0,0,0,0,0,0,0,0,0
CVE-2016-10653,CWE-310,0,0,0,0,0,0,0,0,0,0,0,0,0
CVE-2016-10654,CWE-310,0,0,0,0,0,0,0,0,0,0,0,0,0
CVE-2016-10655,CWE-310,0,0,0,0,0,0,0,0,0,0,0,0,0
CVE-2016-10656,CWE-310,0,0,0,0,0,0,0,0,0,0,0,0,0
CVE-2016-10657,CWE-310,0,0,0,0,0,0,0,0,0,0,0,0,0
CVE-2016-10658,CWE-310,0,0,0,0,0,0,0,0,0,0,0,0,0
CVE-2016-10659,CWE-310,0,0,0,0,0,0,0,0,0,0,0,0,0
CVE-2016-10660,CWE-310,0,0,0,0,0,0,0,0,0,0,0,0,0
CVE-2016-10661,CWE-310,0,0,0,0,0,0,0,0,0,0,0,0,0
CVE-2016-10662,CWE-310,0,0,0,0,0,0,0,0,0,0,0,0,0
CVE-2016-10663,CWE-310,0,0,0,0,0,0,0,0,0,0,0,0,0
CVE-2016-10664,CWE-310,0,0,0,0,0,0,0,0,0,0,0,0,0
CVE-2016-10665,CWE-310,0,0,0,0,0,0,0,0,0,0,0,0,0
CVE-2016-10666,CWE-310,0,0,0,0,0,0,0,0,0,0,0,0,0
CVE-2016-10667,CWE-310,0,0,0,0,0,0,0,0,0,0,0,0,0
CVE-2016-10668,CWE-310,0,0,0,0,0,0,0,0,0,0,0,0,0
CVE-2016-10669,CWE-310,0,0,0,0,0,0,0,0,0,0,0,0,0
CVE-2016-10670,CWE-310,0,0,0,0,0,0,0,0,0,0,0,0,0
CVE-2016-10671,CWE-310,0,0,0,0,0,0,0,0,0,0,0,0,0
CVE-2016-10672,CWE-310,0,0,0,0,0,0,0,0,0,0,0,0,0
CVE-2016-10673,CWE-310,0,0,0,0,0,0,0,0,0,0,0,0,0
CVE-2016-10674,CWE-310,0,0,0,0,0,0,0,0,0,0,0,0,0
CVE-2016-10675,CWE-310,0,0,0,0,0,0,0,0,0,0,0,0,0
CVE-2016-10676,CWE-310,0,0,0,0,0,0,0,0,0,0,0,0,0
CVE-2016-10677,CWE-310,0,0,0,0,0,0,0,0,0,0,0,0,0
CVE-2016-10679,CWE-310,0,0,0,0,0,0,0,0,0,0,0,0,0
CVE-2016-10680,CWE-310,0,0,0,0,0,0,0,0,0,0,0,0,0
CVE-2016-10681,CWE-310,0,0,0,0,0,0,0,0,0,0,0,0,0
CVE-2016-10682,CWE-310,0,0,0,0,0,0,0,0,0,0,0,0,0
CVE-2016-10683,CWE-310,0,0,0,0,0,0,0,0,0,0,0,0,0
CVE-2016-10684,CWE-310,0,0,0,0,0,0,0,0,0,0,0,0,0
CVE-2016-10685,CWE-310,0,0,0,0,0,0,0,0,0,0,0,0,0
CVE-2016-10686,CWE-310,0,0,0,0,0,0,0,0,0,0,0,0,0
CVE-2016-10687,CWE-310,0,0,0,0,0,0,0,0,0,0,0,0,0
CVE-2016-10688,CWE-310,0,0,0,0,0,0,0,0,0,0,0,0,0
CVE-2016-10689,CWE-310,0,0,0,0,0,0,0,0,0,0,0,0,0
CVE-2016-10690,CWE-310,0,0,0,0,0,0,0,0,0,0,0,0,0
CVE-2016-10691,CWE-310,0,0,0,0,0,0,0,0,0,0,0,0,0
CVE-2016-10692,CWE-310,0,0,0,0,0,0,0,0,0,0,0,0,0
CVE-2016-10693,CWE-310,0,0,0,0,0,0,0,0,0,0,0,0,0
CVE-2016-10694,CWE-310,0,0,0,0,0,0,0,0,0,0,0,0,0
CVE-2016-10695,CWE-310,0,0,0,0,0,0,0,0,0,0,0,0,0
CVE-2016-10696,CWE-310,0,0,0,0,0,0,0,0,0,0,0,0,0
CVE-2016-10697,CWE-310,0,0,0,0,0,0,0,0,0,0,0,0,0
CVE-2016-10698,CWE-310,0,0,0,0,0,0,0,0,0,0,0,0,0
CVE-2016-4055,CWE-399,0,0,0,0,0,0,0,0,0,0,0,0,0
CVE-2015-1164,NVD-CWE-Other,0,0,0,0,0,0,0,0,0,0,0,0,0
CVE-2015-7565,CWE-79,0,0,0,0,0,0,0,0,0,0,0,0,0
CVE-2015-8027,CWE-17,0,0,0,0,0,0,0,0,0,0,0,0,0
CVE-2015-8315,CWE-399,0,0,0,0,0,0,0,0,0,0,0,0,0
CVE-2015-8854,CWE-399,0,0,0,0,0,0,0,0,0,0,0,0,0
CVE-2015-8855,CWE-399,0,0,0,0,0,0,0,0,0,0,0,0,0
CVE-2015-8856,CWE-79,0,0,0,0,0,0,0,0,0,0,0,0,0
CVE-2015-8857,CWE-254,0,0,0,0,0,0,0,0,0,0,0,0,0
CVE-2015-8858,CWE-399,0,0,0,0,0,0,0,0,0,0,0,0,0
CVE-2015-8862,CWE-79,0,0,0,0,0,0,0,0,0,0,0,0,0
CVE-2015-9235,CWE-327,0,0,0,0,0,0,0,0,0,0,0,0,0
CVE-2015-9236,CWE-200,0,0,0,0,0,0,0,0,0,0,0,0,0
CVE-2015-9238,CWE-134,0,0,0,0,0,0,0,0,0,0,0,0,0
CVE-2015-9239,CWE-20,0,0,0,0,0,0,0,0,0,0,0,0,0
CVE-2015-9240,CWE-255,0,0,0,0,0,0,0,0,0,0,0,0,0
CVE-2015-9241,CWE-20,0,0,0,0,0,0,0,0,0,0,0,0,0
CVE-2015-9242,CWE-20,0,0,0,0,0,0,0,0,0,0,0,0,0
CVE-2015-9243,CWE-254,0,0,0,0,0,0,0,0,0,0,0,0,0
CVE-2014-0013,CWE-79,0,0,0,0,0,0,0,0,0,0,0,0,0
CVE-2014-10064,CWE-399,0,0,0,0,0,0,0,0,0,0,0,0,0
CVE-2014-10065,CWE-79,0,0,0,0,0,0,0,0,0,0,0,0,0
CVE-2014-10068,CWE-22,0,0,0,0,0,0,0,0,0,0,0,0,0
CVE-2014-3742,CWE-399,0,0,0,0,0,0,0,0,0,0,0,0,0
CVE-2014-3744,CWE-22,0,0,0,0,0,0,0,0,0,0,0,0,0
CVE-2014-7191,CWE-399,0,0,0,0,0,0,0,0,0,0,0,0,0
CVE-2013-7379,CWE-287,0,0,0,0,0,0,0,0,0,0,0,0,0
CVE-2013-7451,CWE-79,0,0,0,0,0,0,0,0,0,0,0,0,0
CVE-2013-7452,CWE-79,0,0,0,0,0,0,0,0,0,0,0,0,0
CVE-2013-7453,CWE-79,0,0,0,0,0,0,0,0,0,0,0,0,0
CVE-2013-7454,CWE-79,0,0,0,0,0,0,0,0,0,0,0,0,0
